order_number,order_customer_email,order_customer_name,order_total,order_send_email_at,order_item_name,order_item_description,order_item_page_url,order_item_image_url,order_item_total,order_item_qty
IMP001,john.doe@example.com,John Doe,22.45,,Item 1,Item 1 description,http://www.example.com/item1,http://www.example.com/item1.jpg,,
IMP001,john.doe@example.com,John Doe,22.45,,Item 2,Item 2 description,http://www.example.com/item2,http://www.example.com/item2.jpg,,
IMP002,john.doe@example.com,John Doe,33,,Item 1,Item 1 description,http://www.example.com/item1,http://www.example.com/item1.jpg,,
IMP002,john.doe@example.com,John Doe,33,,Item 2,Item 2 description,http://www.example.com/item2,http://www.example.com/item2.jpg,,
IMP002,john.doe@example.com,John Doe,33,,Item 3,Item 3 description,http://www.example.com/item3,http://www.example.com/item3.jpg,,
IMP003,john.doe@example.com,John Doe,14,,Item 1,Item 1 description,http://www.example.com/item1,http://www.example.com/item1.jpg,,
IMP003,john.doe@example.com,John Doe,14,,Item 2,Item 2 description,http://www.example.com/item2,http://www.example.com/item2.jpg,,
IMP004,john.doe@example.com,John Doe,16,,Item 1,Item 1 description,http://www.example.com/item1,http://www.example.com/item1.jpg,,
IMP004,john.doe@example.com,John Doe,16,,Item 2,Item 2 description,http://www.example.com/item2,http://www.example.com/item2.jpg,,
IMP005,john.doe@example.com,John Doe,22,,Item 1,Item 1 description,http://www.example.com/item1,http://www.example.com/item1.jpg,,
IMP005,john.doe@example.com,John Doe,22,,Item 2,Item 2 description,http://www.example.com/item2,http://www.example.com/item2.jpg,,
IMP005,john.doe@example.com,John Doe,22,,Item 3,Item 3 description,http://www.example.com/item3,http://www.example.com/item3.jpg,,
IMP006,john.doe@example.com,John Doe,35,,Item 1,Item 1 description,http://www.example.com/item1,http://www.example.com/item1.jpg,,
IMP007,john.doe@example.com,John Doe,36,,Item 1,Item 1 description,http://www.example.com/item1,http://www.example.com/item1.jpg,,
IMP007,john.doe@example.com,John Doe,36,,Item 2,Item 2 description,http://www.example.com/item2,http://www.example.com/item2.jpg,,
IMP008,john.doe@example.com,John Doe,77,,Item 1,Item 1 description,http://www.example.com/item1,http://www.example.com/item1.jpg,,
IMP008,john.doe@example.com,John Doe,77,,Item 2,Item 2 description,http://www.example.com/item2,http://www.example.com/item2.jpg,,
IMP009,john.doe@example.com,John Doe,22,,Item 1,Item 1 description,http://www.example.com/item1,http://www.example.com/item1.jpg,,
IMP009,john.doe@example.com,John Doe,22,,Item 2,Item 2 description,http://www.example.com/item2,http://www.example.com/item2.jpg,,
IMP010,john.doe@example.com,John Doe,18,,Item 1,Item 1 description,http://www.example.com/item1,http://www.example.com/item1.jpg,,
IMP011,john.doe@example.com,John Doe,22.45,,Item 1,Item 1 description,http://www.example.com/item1,http://www.example.com/item1.jpg,,
IMP011,john.doe@example.com,John Doe,22.45,,Item 2,Item 2 description,http://www.example.com/item2,http://www.example.com/item2.jpg,,
IMP012,john.doe@example.com,John Doe,33,,Item 1,Item 1 description,http://www.example.com/item1,http://www.example.com/item1.jpg,,
IMP012,john.doe@example.com,John Doe,33,,Item 2,Item 2 description,http://www.example.com/item2,http://www.example.com/item2.jpg,,
IMP012,john.doe@example.com,John Doe,33,,Item 3,Item 3 description,http://www.example.com/item3,http://www.example.com/item3.jpg,,
IMP013,john.doe@example.com,John Doe,14,,Item 1,Item 1 description,http://www.example.com/item1,http://www.example.com/item1.jpg,,
IMP013,john.doe@example.com,John Doe,14,,Item 2,Item 2 description,http://www.example.com/item2,http://www.example.com/item2.jpg,,
IMP014,john.doe@example.com,John Doe,16,,Item 1,Item 1 description,http://www.example.com/item1,http://www.example.com/item1.jpg,,
IMP014,john.doe@example.com,John Doe,16,,Item 2,Item 2 description,http://www.example.com/item2,http://www.example.com/item2.jpg,,
IMP015,john.doe@example.com,John Doe,22,,Item 1,Item 1 description,http://www.example.com/item1,http://www.example.com/item1.jpg,,
IMP015,john.doe@example.com,John Doe,22,,Item 2,Item 2 description,http://www.example.com/item2,http://www.example.com/item2.jpg,,
IMP015,john.doe@example.com,John Doe,22,,Item 3,Item 3 description,http://www.example.com/item3,http://www.example.com/item3.jpg,,
IMP016,john.doe@example.com,John Doe,35,,Item 1,Item 1 description,http://www.example.com/item1,http://www.example.com/item1.jpg,,
IMP017,john.doe@example.com,John Doe,36,,Item 1,Item 1 description,http://www.example.com/item1,http://www.example.com/item1.jpg,,
IMP017,john.doe@example.com,John Doe,36,,Item 2,Item 2 description,http://www.example.com/item2,http://www.example.com/item2.jpg,,
IMP018,john.doe@example.com,John Doe,77,,Item 1,Item 1 description,http://www.example.com/item1,http://www.example.com/item1.jpg,,
IMP018,john.doe@example.com,John Doe,77,,Item 2,Item 2 description,http://www.example.com/item2,http://www.example.com/item2.jpg,,
IMP019,john.doe@example.com,John Doe,22,,Item 1,Item 1 description,http://www.example.com/item1,http://www.example.com/item1.jpg,,
IMP019,john.doe@example.com,John Doe,22,,Item 2,Item 2 description,http://www.example.com/item2,http://www.example.com/item2.jpg,,
IMP020,john.doe@example.com,John Doe,18,,Item 1,Item 1 description,http://www.example.com/item1,http://www.example.com/item1.jpg,,
IMP021,john.doe@example.com,John Doe,22.45,,Item 1,Item 1 description,http://www.example.com/item1,http://www.example.com/item1.jpg,,
IMP022,john.doe@example.com,John Doe,33,,Item 1,Item 1 description,http://www.example.com/item1,http://www.example.com/item1.jpg,,
IMP022,john.doe@example.com,John Doe,33,,Item 2,Item 2 description,http://www.example.com/item2,http://www.example.com/item2.jpg,,
IMP022,john.doe@example.com,John Doe,33,,Item 3,Item 3 description,http://www.example.com/item3,http://www.example.com/item3.jpg,,
IMP023,john.doe@example.com,John Doe,14,,Item 1,Item 1 description,http://www.example.com/item1,http://www.example.com/item1.jpg,,
IMP023,john.doe@example.com,John Doe,14,,Item 2,Item 2 description,http://www.example.com/item2,http://www.example.com/item2.jpg,,
IMP024,john.doe@example.com,John Doe,16,,Item 1,Item 1 description,http://www.example.com/item1,http://www.example.com/item1.jpg,,
IMP024,john.doe@example.com,John Doe,16,,Item 2,Item 2 description,http://www.example.com/item2,http://www.example.com/item2.jpg,,
IMP025,john.doe@example.com,John Doe,22,,Item 1,Item 1 description,http://www.example.com/item1,http://www.example.com/item1.jpg,,
IMP025,john.doe@example.com,John Doe,22,,Item 2,Item 2 description,http://www.example.com/item2,http://www.example.com/item2.jpg,,
IMP025,john.doe@example.com,John Doe,22,,Item 3,Item 3 description,http://www.example.com/item3,http://www.example.com/item3.jpg,,
IMP026,john.doe@example.com,John Doe,35,,Item 1,Item 1 description,http://www.example.com/item1,http://www.example.com/item1.jpg,,
IMP027,john.doe@example.com,John Doe,36,,Item 1,Item 1 description,http://www.example.com/item1,http://www.example.com/item1.jpg,,
IMP027,john.doe@example.com,John Doe,36,,Item 2,Item 2 description,http://www.example.com/item2,http://www.example.com/item2.jpg,,
IMP028,john.doe@example.com,John Doe,77,,Item 1,Item 1 description,http://www.example.com/item1,http://www.example.com/item1.jpg,,
IMP028,john.doe@example.com,John Doe,77,,Item 2,Item 2 description,http://www.example.com/item2,http://www.example.com/item2.jpg,,
IMP029,john.doe@example.com,John Doe,22,,Item 1,Item 1 description,http://www.example.com/item1,http://www.example.com/item1.jpg,,
IMP030,john.doe@example.com,John Doe,22,,Item 2,Item 2 description,http://www.example.com/item2,http://www.example.com/item2.jpg,,
IMP031,john.doe@example.com,John Doe,22.45,,Item 1,Item 1 description,http://www.example.com/item1,http://www.example.com/item1.jpg,,
IMP032,john.doe@example.com,John Doe,33,,Item 1,Item 1 description,http://www.example.com/item1,http://www.example.com/item1.jpg,,
IMP032,john.doe@example.com,John Doe,33,,Item 2,Item 2 description,http://www.example.com/item2,http://www.example.com/item2.jpg,,
IMP032,john.doe@example.com,John Doe,33,,Item 3,Item 3 description,http://www.example.com/item3,http://www.example.com/item3.jpg,,
IMP033,john.doe@example.com,John Doe,14,,Item 1,Item 1 description,http://www.example.com/item1,http://www.example.com/item1.jpg,,
IMP033,john.doe@example.com,John Doe,14,,Item 2,Item 2 description,http://www.example.com/item2,http://www.example.com/item2.jpg,,
IMP034,john.doe@example.com,John Doe,16,,Item 1,Item 1 description,http://www.example.com/item1,http://www.example.com/item1.jpg,,
IMP034,john.doe@example.com,John Doe,16,,Item 2,Item 2 description,http://www.example.com/item2,http://www.example.com/item2.jpg,,
IMP035,john.doe@example.com,John Doe,22,,Item 1,Item 1 description,http://www.example.com/item1,http://www.example.com/item1.jpg,,
IMP035,john.doe@example.com,John Doe,22,,Item 2,Item 2 description,http://www.example.com/item2,http://www.example.com/item2.jpg,,
IMP035,john.doe@example.com,John Doe,22,,Item 3,Item 3 description,http://www.example.com/item3,http://www.example.com/item3.jpg,,
IMP036,john.doe@example.com,John Doe,35,,Item 1,Item 1 description,http://www.example.com/item1,http://www.example.com/item1.jpg,,
IMP037,john.doe@example.com,John Doe,36,,Item 1,Item 1 description,http://www.example.com/item1,http://www.example.com/item1.jpg,,
IMP037,john.doe@example.com,John Doe,36,,Item 2,Item 2 description,http://www.example.com/item2,http://www.example.com/item2.jpg,,
IMP038,john.doe@example.com,John Doe,77,,Item 1,Item 1 description,http://www.example.com/item1,http://www.example.com/item1.jpg,,
IMP038,john.doe@example.com,John Doe,77,,Item 2,Item 2 description,http://www.example.com/item2,http://www.example.com/item2.jpg,,
IMP039,john.doe@example.com,John Doe,22,,Item 1,Item 1 description,http://www.example.com/item1,http://www.example.com/item1.jpg,,
IMP040,john.doe@example.com,John Doe,22,,Item 2,Item 2 description,http://www.example.com/item2,http://www.example.com/item2.jpg,,
IMP041,john.doe@example.com,John Doe,22.45,,Item 1,Item 1 description,http://www.example.com/item1,http://www.example.com/item1.jpg,,
IMP042,john.doe@example.com,John Doe,33,,Item 1,Item 1 description,http://www.example.com/item1,http://www.example.com/item1.jpg,,
IMP042,john.doe@example.com,John Doe,33,,Item 2,Item 2 description,http://www.example.com/item2,http://www.example.com/item2.jpg,,
IMP042,john.doe@example.com,John Doe,33,,Item 3,Item 3 description,http://www.example.com/item3,http://www.example.com/item3.jpg,,
IMP043,john.doe@example.com,John Doe,14,,Item 1,Item 1 description,http://www.example.com/item1,http://www.example.com/item1.jpg,,
IMP043,john.doe@example.com,John Doe,14,,Item 2,Item 2 description,http://www.example.com/item2,http://www.example.com/item2.jpg,,
IMP044,john.doe@example.com,John Doe,16,,Item 1,Item 1 description,http://www.example.com/item1,http://www.example.com/item1.jpg,,
IMP044,john.doe@example.com,John Doe,16,,Item 2,Item 2 description,http://www.example.com/item2,http://www.example.com/item2.jpg,,
IMP045,john.doe@example.com,John Doe,22,,Item 1,Item 1 description,http://www.example.com/item1,http://www.example.com/item1.jpg,,
IMP045,john.doe@example.com,John Doe,22,,Item 2,Item 2 description,http://www.example.com/item2,http://www.example.com/item2.jpg,,
IMP045,john.doe@example.com,John Doe,22,,Item 3,Item 3 description,http://www.example.com/item3,http://www.example.com/item3.jpg,,
IMP046,john.doe@example.com,John Doe,35,,Item 1,Item 1 description,http://www.example.com/item1,http://www.example.com/item1.jpg,,
IMP047,john.doe@example.com,John Doe,36,,Item 1,Item 1 description,http://www.example.com/item1,http://www.example.com/item1.jpg,,
IMP047,john.doe@example.com,John Doe,36,,Item 2,Item 2 description,http://www.example.com/item2,http://www.example.com/item2.jpg,,
IMP048,john.doe@example.com,John Doe,77,,Item 1,Item 1 description,http://www.example.com/item1,http://www.example.com/item1.jpg,,
IMP048,john.doe@example.com,John Doe,77,,Item 2,Item 2 description,http://www.example.com/item2,http://www.example.com/item2.jpg,,
IMP049,john.doe@example.com,John Doe,22,,Item 1,Item 1 description,http://www.example.com/item1,http://www.example.com/item1.jpg,,
IMP050,john.doe@example.com,John Doe,22,,Item 2,Item 2 description,http://www.example.com/item2,http://www.example.com/item2.jpg,,
IMP051,john.doe@example.com,John Doe,22.45,,Item 1,Item 1 description,http://www.example.com/item1,http://www.example.com/item1.jpg,,
IMP052,john.doe@example.com,John Doe,33,,Item 1,Item 1 description,http://www.example.com/item1,http://www.example.com/item1.jpg,,
IMP052,john.doe@example.com,John Doe,33,,Item 2,Item 2 description,http://www.example.com/item2,http://www.example.com/item2.jpg,,
IMP052,john.doe@example.com,John Doe,33,,Item 3,Item 3 description,http://www.example.com/item3,http://www.example.com/item3.jpg,,
IMP053,john.doe@example.com,John Doe,14,,Item 1,Item 1 description,http://www.example.com/item1,http://www.example.com/item1.jpg,,
IMP053,john.doe@example.com,John Doe,14,,Item 2,Item 2 description,http://www.example.com/item2,http://www.example.com/item2.jpg,,
